branch|plus_unique_patch|minus_equivalent_patch|sample_plus_subjects
agents/cerf|1|0|chore(consolidation): checkpoint agents/cerf WIP
agents/e7b87f09-b1a6-42e1-8b6e-0011cc6e55b6|0|0|
audit/mvp-p0c-acceptance|74|1|P0-D-R1 integration: accepted P0-A/P0-B/P0-C source and contract baseline || P0-D-R1 integration: accepted tests, docs, and evidence tooling || P0-D-R1 integration: required untracked production module tool_execution_ru.py || P0-D-R1 integration: authorize release-integration branch for installer build || P0-D-R1: installer manifest ships tool_execution_ru.py and workspace_policy.py (13 modules) || P0-D-R1 integration: renormalize legacy file line endings to LF per .gitattributes || P0-D-R1: repair stale sidecar-ready test to MVP-P0-C-R1 typed health protocol || P0-D-R1: reconcile security-negative gate with committed integration baseline || P0-D-R1: bind current evidence to final digest 8d75e700; preserve historical evidence || P1-C: logical-call idempotency and separate approval binding || P1-C-R2/R3: close post-begin cleanup and TTL/poison coverage || P1-C: refresh current evidence
build-week-2026|1|0|Add files via upload
codex/live-model-turn-contract-repair|77|1|P0-D-R1 integration: accepted P0-A/P0-B/P0-C source and contract baseline || P0-D-R1 integration: accepted tests, docs, and evidence tooling || P0-D-R1 integration: required untracked production module tool_execution_ru.py || P0-D-R1 integration: authorize release-integration branch for installer build || P0-D-R1: installer manifest ships tool_execution_ru.py and workspace_policy.py (13 modules) || P0-D-R1 integration: renormalize legacy file line endings to LF per .gitattributes || P0-D-R1: repair stale sidecar-ready test to MVP-P0-C-R1 typed health protocol || P0-D-R1: reconcile security-negative gate with committed integration baseline || P0-D-R1: bind current evidence to final digest 8d75e700; preserve historical evidence || P1-C: logical-call idempotency and separate approval binding || P1-C-R2/R3: close post-begin cleanup and TTL/poison coverage || P1-C: refresh current evidence
continue/after-build-week-2026|0|0|
docs/mvp-p2-authority-draft|57|0|P0-D-R1 integration: accepted P0-A/P0-B/P0-C source and contract baseline || P0-D-R1 integration: accepted tests, docs, and evidence tooling || P0-D-R1 integration: required untracked production module tool_execution_ru.py || P0-D-R1 integration: authorize release-integration branch for installer build || P0-D-R1: installer manifest ships tool_execution_ru.py and workspace_policy.py (13 modules) || P0-D-R1 integration: renormalize legacy file line endings to LF per .gitattributes || P0-D-R1: repair stale sidecar-ready test to MVP-P0-C-R1 typed health protocol || P0-D-R1: reconcile security-negative gate with committed integration baseline || P0-D-R1: bind current evidence to final digest 8d75e700; preserve historical evidence || P1-C: logical-call idempotency and separate approval binding || P1-C-R2/R3: close post-begin cleanup and TTL/poison coverage || P1-C: refresh current evidence
feat/mvp-p1-d-informed-approval-ui|32|0|P0-D-R1 integration: accepted P0-A/P0-B/P0-C source and contract baseline || P0-D-R1 integration: accepted tests, docs, and evidence tooling || P0-D-R1 integration: required untracked production module tool_execution_ru.py || P0-D-R1 integration: authorize release-integration branch for installer build || P0-D-R1: installer manifest ships tool_execution_ru.py and workspace_policy.py (13 modules) || P0-D-R1 integration: renormalize legacy file line endings to LF per .gitattributes || P0-D-R1: repair stale sidecar-ready test to MVP-P0-C-R1 typed health protocol || P0-D-R1: reconcile security-negative gate with committed integration baseline || P0-D-R1: bind current evidence to final digest 8d75e700; preserve historical evidence || P1-C: logical-call idempotency and separate approval binding || P1-C-R2/R3: close post-begin cleanup and TTL/poison coverage || P1-C: refresh current evidence
feat/mvp-p1-e-execution-binding|36|0|P0-D-R1 integration: accepted P0-A/P0-B/P0-C source and contract baseline || P0-D-R1 integration: accepted tests, docs, and evidence tooling || P0-D-R1 integration: required untracked production module tool_execution_ru.py || P0-D-R1 integration: authorize release-integration branch for installer build || P0-D-R1: installer manifest ships tool_execution_ru.py and workspace_policy.py (13 modules) || P0-D-R1 integration: renormalize legacy file line endings to LF per .gitattributes || P0-D-R1: repair stale sidecar-ready test to MVP-P0-C-R1 typed health protocol || P0-D-R1: reconcile security-negative gate with committed integration baseline || P0-D-R1: bind current evidence to final digest 8d75e700; preserve historical evidence || P1-C: logical-call idempotency and separate approval binding || P1-C-R2/R3: close post-begin cleanup and TTL/poison coverage || P1-C: refresh current evidence
feat/mvp-p1a-b5lp-green|53|0|P0-D-R1 integration: accepted P0-A/P0-B/P0-C source and contract baseline || P0-D-R1 integration: accepted tests, docs, and evidence tooling || P0-D-R1 integration: required untracked production module tool_execution_ru.py || P0-D-R1 integration: authorize release-integration branch for installer build || P0-D-R1: installer manifest ships tool_execution_ru.py and workspace_policy.py (13 modules) || P0-D-R1 integration: renormalize legacy file line endings to LF per .gitattributes || P0-D-R1: repair stale sidecar-ready test to MVP-P0-C-R1 typed health protocol || P0-D-R1: reconcile security-negative gate with committed integration baseline || P0-D-R1: bind current evidence to final digest 8d75e700; preserve historical evidence || P1-C: logical-call idempotency and separate approval binding || P1-C-R2/R3: close post-begin cleanup and TTL/poison coverage || P1-C: refresh current evidence
feat/mvp-p1b-ipc-preparse|55|0|P0-D-R1 integration: accepted P0-A/P0-B/P0-C source and contract baseline || P0-D-R1 integration: accepted tests, docs, and evidence tooling || P0-D-R1 integration: required untracked production module tool_execution_ru.py || P0-D-R1 integration: authorize release-integration branch for installer build || P0-D-R1: installer manifest ships tool_execution_ru.py and workspace_policy.py (13 modules) || P0-D-R1 integration: renormalize legacy file line endings to LF per .gitattributes || P0-D-R1: repair stale sidecar-ready test to MVP-P0-C-R1 typed health protocol || P0-D-R1: reconcile security-negative gate with committed integration baseline || P0-D-R1: bind current evidence to final digest 8d75e700; preserve historical evidence || P1-C: logical-call idempotency and separate approval binding || P1-C-R2/R3: close post-begin cleanup and TTL/poison coverage || P1-C: refresh current evidence
feat/mvp-p1f-workspace-toctou|39|0|P0-D-R1 integration: accepted P0-A/P0-B/P0-C source and contract baseline || P0-D-R1 integration: accepted tests, docs, and evidence tooling || P0-D-R1 integration: required untracked production module tool_execution_ru.py || P0-D-R1 integration: authorize release-integration branch for installer build || P0-D-R1: installer manifest ships tool_execution_ru.py and workspace_policy.py (13 modules) || P0-D-R1 integration: renormalize legacy file line endings to LF per .gitattributes || P0-D-R1: repair stale sidecar-ready test to MVP-P0-C-R1 typed health protocol || P0-D-R1: reconcile security-negative gate with committed integration baseline || P0-D-R1: bind current evidence to final digest 8d75e700; preserve historical evidence || P1-C: logical-call idempotency and separate approval binding || P1-C-R2/R3: close post-begin cleanup and TTL/poison coverage || P1-C: refresh current evidence
feat/mvp-p1g-b6-provenance|40|0|P0-D-R1 integration: accepted P0-A/P0-B/P0-C source and contract baseline || P0-D-R1 integration: accepted tests, docs, and evidence tooling || P0-D-R1 integration: required untracked production module tool_execution_ru.py || P0-D-R1 integration: authorize release-integration branch for installer build || P0-D-R1: installer manifest ships tool_execution_ru.py and workspace_policy.py (13 modules) || P0-D-R1 integration: renormalize legacy file line endings to LF per .gitattributes || P0-D-R1: repair stale sidecar-ready test to MVP-P0-C-R1 typed health protocol || P0-D-R1: reconcile security-negative gate with committed integration baseline || P0-D-R1: bind current evidence to final digest 8d75e700; preserve historical evidence || P1-C: logical-call idempotency and separate approval binding || P1-C-R2/R3: close post-begin cleanup and TTL/poison coverage || P1-C: refresh current evidence
feat/mvp-p1h-symmetric-ipc|43|0|P0-D-R1 integration: accepted P0-A/P0-B/P0-C source and contract baseline || P0-D-R1 integration: accepted tests, docs, and evidence tooling || P0-D-R1 integration: required untracked production module tool_execution_ru.py || P0-D-R1 integration: authorize release-integration branch for installer build || P0-D-R1: installer manifest ships tool_execution_ru.py and workspace_policy.py (13 modules) || P0-D-R1 integration: renormalize legacy file line endings to LF per .gitattributes || P0-D-R1: repair stale sidecar-ready test to MVP-P0-C-R1 typed health protocol || P0-D-R1: reconcile security-negative gate with committed integration baseline || P0-D-R1: bind current evidence to final digest 8d75e700; preserve historical evidence || P1-C: logical-call idempotency and separate approval binding || P1-C-R2/R3: close post-begin cleanup and TTL/poison coverage || P1-C: refresh current evidence
feat/mvp-p1i-bounded-execution|46|0|P0-D-R1 integration: accepted P0-A/P0-B/P0-C source and contract baseline || P0-D-R1 integration: accepted tests, docs, and evidence tooling || P0-D-R1 integration: required untracked production module tool_execution_ru.py || P0-D-R1 integration: authorize release-integration branch for installer build || P0-D-R1: installer manifest ships tool_execution_ru.py and workspace_policy.py (13 modules) || P0-D-R1 integration: renormalize legacy file line endings to LF per .gitattributes || P0-D-R1: repair stale sidecar-ready test to MVP-P0-C-R1 typed health protocol || P0-D-R1: reconcile security-negative gate with committed integration baseline || P0-D-R1: bind current evidence to final digest 8d75e700; preserve historical evidence || P1-C: logical-call idempotency and separate approval binding || P1-C-R2/R3: close post-begin cleanup and TTL/poison coverage || P1-C: refresh current evidence
feat/mvp-p1j-adversarial-tests|51|0|P0-D-R1 integration: accepted P0-A/P0-B/P0-C source and contract baseline || P0-D-R1 integration: accepted tests, docs, and evidence tooling || P0-D-R1 integration: required untracked production module tool_execution_ru.py || P0-D-R1 integration: authorize release-integration branch for installer build || P0-D-R1: installer manifest ships tool_execution_ru.py and workspace_policy.py (13 modules) || P0-D-R1 integration: renormalize legacy file line endings to LF per .gitattributes || P0-D-R1: repair stale sidecar-ready test to MVP-P0-C-R1 typed health protocol || P0-D-R1: reconcile security-negative gate with committed integration baseline || P0-D-R1: bind current evidence to final digest 8d75e700; preserve historical evidence || P1-C: logical-call idempotency and separate approval binding || P1-C-R2/R3: close post-begin cleanup and TTL/poison coverage || P1-C: refresh current evidence
feat/mvp-p2-integration|72|0|P0-D-R1 integration: accepted P0-A/P0-B/P0-C source and contract baseline || P0-D-R1 integration: accepted tests, docs, and evidence tooling || P0-D-R1 integration: required untracked production module tool_execution_ru.py || P0-D-R1 integration: authorize release-integration branch for installer build || P0-D-R1: installer manifest ships tool_execution_ru.py and workspace_policy.py (13 modules) || P0-D-R1 integration: renormalize legacy file line endings to LF per .gitattributes || P0-D-R1: repair stale sidecar-ready test to MVP-P0-C-R1 typed health protocol || P0-D-R1: reconcile security-negative gate with committed integration baseline || P0-D-R1: bind current evidence to final digest 8d75e700; preserve historical evidence || P1-C: logical-call idempotency and separate approval binding || P1-C-R2/R3: close post-begin cleanup and TTL/poison coverage || P1-C: refresh current evidence
feat/mvp-p2a-message-limits|59|0|P0-D-R1 integration: accepted P0-A/P0-B/P0-C source and contract baseline || P0-D-R1 integration: accepted tests, docs, and evidence tooling || P0-D-R1 integration: required untracked production module tool_execution_ru.py || P0-D-R1 integration: authorize release-integration branch for installer build || P0-D-R1: installer manifest ships tool_execution_ru.py and workspace_policy.py (13 modules) || P0-D-R1 integration: renormalize legacy file line endings to LF per .gitattributes || P0-D-R1: repair stale sidecar-ready test to MVP-P0-C-R1 typed health protocol || P0-D-R1: reconcile security-negative gate with committed integration baseline || P0-D-R1: bind current evidence to final digest 8d75e700; preserve historical evidence || P1-C: logical-call idempotency and separate approval binding || P1-C-R2/R3: close post-begin cleanup and TTL/poison coverage || P1-C: refresh current evidence
feat/mvp-p2b-acquisition-recovery|65|0|P0-D-R1 integration: accepted P0-A/P0-B/P0-C source and contract baseline || P0-D-R1 integration: accepted tests, docs, and evidence tooling || P0-D-R1 integration: required untracked production module tool_execution_ru.py || P0-D-R1 integration: authorize release-integration branch for installer build || P0-D-R1: installer manifest ships tool_execution_ru.py and workspace_policy.py (13 modules) || P0-D-R1 integration: renormalize legacy file line endings to LF per .gitattributes || P0-D-R1: repair stale sidecar-ready test to MVP-P0-C-R1 typed health protocol || P0-D-R1: reconcile security-negative gate with committed integration baseline || P0-D-R1: bind current evidence to final digest 8d75e700; preserve historical evidence || P1-C: logical-call idempotency and separate approval binding || P1-C-R2/R3: close post-begin cleanup and TTL/poison coverage || P1-C: refresh current evidence
feat/mvp-p2c-fingerprint-protection|63|0|P0-D-R1 integration: accepted P0-A/P0-B/P0-C source and contract baseline || P0-D-R1 integration: accepted tests, docs, and evidence tooling || P0-D-R1 integration: required untracked production module tool_execution_ru.py || P0-D-R1 integration: authorize release-integration branch for installer build || P0-D-R1: installer manifest ships tool_execution_ru.py and workspace_policy.py (13 modules) || P0-D-R1 integration: renormalize legacy file line endings to LF per .gitattributes || P0-D-R1: repair stale sidecar-ready test to MVP-P0-C-R1 typed health protocol || P0-D-R1: reconcile security-negative gate with committed integration baseline || P0-D-R1: bind current evidence to final digest 8d75e700; preserve historical evidence || P1-C: logical-call idempotency and separate approval binding || P1-C-R2/R3: close post-begin cleanup and TTL/poison coverage || P1-C: refresh current evidence
feat/mvp-p2d-endpoint-truthfulness|67|0|P0-D-R1 integration: accepted P0-A/P0-B/P0-C source and contract baseline || P0-D-R1 integration: accepted tests, docs, and evidence tooling || P0-D-R1 integration: required untracked production module tool_execution_ru.py || P0-D-R1 integration: authorize release-integration branch for installer build || P0-D-R1: installer manifest ships tool_execution_ru.py and workspace_policy.py (13 modules) || P0-D-R1 integration: renormalize legacy file line endings to LF per .gitattributes || P0-D-R1: repair stale sidecar-ready test to MVP-P0-C-R1 typed health protocol || P0-D-R1: reconcile security-negative gate with committed integration baseline || P0-D-R1: bind current evidence to final digest 8d75e700; preserve historical evidence || P1-C: logical-call idempotency and separate approval binding || P1-C-R2/R3: close post-begin cleanup and TTL/poison coverage || P1-C: refresh current evidence
feat/mvp-p2e-dialog-accessibility|69|0|P0-D-R1 integration: accepted P0-A/P0-B/P0-C source and contract baseline || P0-D-R1 integration: accepted tests, docs, and evidence tooling || P0-D-R1 integration: required untracked production module tool_execution_ru.py || P0-D-R1 integration: authorize release-integration branch for installer build || P0-D-R1: installer manifest ships tool_execution_ru.py and workspace_policy.py (13 modules) || P0-D-R1 integration: renormalize legacy file line endings to LF per .gitattributes || P0-D-R1: repair stale sidecar-ready test to MVP-P0-C-R1 typed health protocol || P0-D-R1: reconcile security-negative gate with committed integration baseline || P0-D-R1: bind current evidence to final digest 8d75e700; preserve historical evidence || P1-C: logical-call idempotency and separate approval binding || P1-C-R2/R3: close post-begin cleanup and TTL/poison coverage || P1-C: refresh current evidence
feat/mvp-p2f-event-validation|61|0|P0-D-R1 integration: accepted P0-A/P0-B/P0-C source and contract baseline || P0-D-R1 integration: accepted tests, docs, and evidence tooling || P0-D-R1 integration: required untracked production module tool_execution_ru.py || P0-D-R1 integration: authorize release-integration branch for installer build || P0-D-R1: installer manifest ships tool_execution_ru.py and workspace_policy.py (13 modules) || P0-D-R1 integration: renormalize legacy file line endings to LF per .gitattributes || P0-D-R1: repair stale sidecar-ready test to MVP-P0-C-R1 typed health protocol || P0-D-R1: reconcile security-negative gate with committed integration baseline || P0-D-R1: bind current evidence to final digest 8d75e700; preserve historical evidence || P1-C: logical-call idempotency and separate approval binding || P1-C-R2/R3: close post-begin cleanup and TTL/poison coverage || P1-C: refresh current evidence
feat/mvp-p2g-webview-smoke|71|0|P0-D-R1 integration: accepted P0-A/P0-B/P0-C source and contract baseline || P0-D-R1 integration: accepted tests, docs, and evidence tooling || P0-D-R1 integration: required untracked production module tool_execution_ru.py || P0-D-R1 integration: authorize release-integration branch for installer build || P0-D-R1: installer manifest ships tool_execution_ru.py and workspace_policy.py (13 modules) || P0-D-R1 integration: renormalize legacy file line endings to LF per .gitattributes || P0-D-R1: repair stale sidecar-ready test to MVP-P0-C-R1 typed health protocol || P0-D-R1: reconcile security-negative gate with committed integration baseline || P0-D-R1: bind current evidence to final digest 8d75e700; preserve historical evidence || P1-C: logical-call idempotency and separate approval binding || P1-C-R2/R3: close post-begin cleanup and TTL/poison coverage || P1-C: refresh current evidence
feat/up00-wp01-p0d-r1-release-integration|27|0|P0-D-R1 integration: accepted P0-A/P0-B/P0-C source and contract baseline || P0-D-R1 integration: accepted tests, docs, and evidence tooling || P0-D-R1 integration: required untracked production module tool_execution_ru.py || P0-D-R1 integration: authorize release-integration branch for installer build || P0-D-R1: installer manifest ships tool_execution_ru.py and workspace_policy.py (13 modules) || P0-D-R1 integration: renormalize legacy file line endings to LF per .gitattributes || P0-D-R1: repair stale sidecar-ready test to MVP-P0-C-R1 typed health protocol || P0-D-R1: reconcile security-negative gate with committed integration baseline || P0-D-R1: bind current evidence to final digest 8d75e700; preserve historical evidence || P1-C: logical-call idempotency and separate approval binding || P1-C-R2/R3: close post-begin cleanup and TTL/poison coverage || P1-C: refresh current evidence
feat/up00-wp01-windows-one-click-launch|0|0|
feature/donor-ui-compatible-port|0|0|
integration/best-of-two-local-agent|0|0|
product/functional-mvp|96|1|P0-D-R1 integration: accepted P0-A/P0-B/P0-C source and contract baseline || P0-D-R1 integration: accepted tests, docs, and evidence tooling || P0-D-R1 integration: required untracked production module tool_execution_ru.py || P0-D-R1 integration: authorize release-integration branch for installer build || P0-D-R1: installer manifest ships tool_execution_ru.py and workspace_policy.py (13 modules) || P0-D-R1 integration: renormalize legacy file line endings to LF per .gitattributes || P0-D-R1: repair stale sidecar-ready test to MVP-P0-C-R1 typed health protocol || P0-D-R1: reconcile security-negative gate with committed integration baseline || P0-D-R1: bind current evidence to final digest 8d75e700; preserve historical evidence || P1-C: logical-call idempotency and separate approval binding || P1-C-R2/R3: close post-begin cleanup and TTL/poison coverage || P1-C: refresh current evidence
repair/messages-tools-parity|78|1|P0-D-R1 integration: accepted P0-A/P0-B/P0-C source and contract baseline || P0-D-R1 integration: accepted tests, docs, and evidence tooling || P0-D-R1 integration: required untracked production module tool_execution_ru.py || P0-D-R1 integration: authorize release-integration branch for installer build || P0-D-R1: installer manifest ships tool_execution_ru.py and workspace_policy.py (13 modules) || P0-D-R1 integration: renormalize legacy file line endings to LF per .gitattributes || P0-D-R1: repair stale sidecar-ready test to MVP-P0-C-R1 typed health protocol || P0-D-R1: reconcile security-negative gate with committed integration baseline || P0-D-R1: bind current evidence to final digest 8d75e700; preserve historical evidence || P1-C: logical-call idempotency and separate approval binding || P1-C-R2/R3: close post-begin cleanup and TTL/poison coverage || P1-C: refresh current evidence
ty-read-only-ispolnitel-v-vetke-38e0|1|0|╨в╤Л тАФ read-only ╨╕╤Б╨┐╨╛╨╗╨╜╨╕╤В╨╡╨╗╤М ╨▓ ╨▓╨╡╤В╨║╨╡ feature/donor-ui-compatible-port. ╨С╨╡╨╖ ╨║╨╛╨╝╨╝╨╕╤В╨╛
