gate	code
frontend_check	0
frontend_test	0
rust_fmt	0
rust_test	0
rust_clippy	0
py_test_check_bundle_parity	0
py_test_evidence_model	0
py_test_trust_chain_gate	0
py_test_tool_risk_registry_gate	0
py_test_mockdata_import_gate	0
py_test_trust_chain_invariants	0
py_command_parity	0
py_tool_risk_registry	0
py_ui_fake_state	0
py_mockdata_imports	0
py_bundle_parity	0
py_bug1_inference_bundle_parity	0
py_adr015_tool_parsing	0
py_tool_risk_rust_parity	0
py_smoke_cli	0
py_real_sidecar	0
py_refresh_evidence	0
py_check_evidence_provenance	0
