"ˆ¬ï ®¡à § ","PID","ˆ¬ï á¥áá¨¨","ü á¥ ­á "," ¬ïâì"
"System Idle Process","0","Services","0","8 Š"
"System","4","Services","0","7ÿ960 Š"
"Registry","416","Services","0","20ÿ416 Š"
"smss.exe","1080","Services","0","1ÿ476 Š"
"csrss.exe","1684","Services","0","7ÿ188 Š"
"wininit.exe","1792","Services","0","9ÿ584 Š"
"csrss.exe","1800","Console","1","8ÿ084 Š"
"services.exe","1876","Services","0","20ÿ608 Š"
"winlogon.exe","1904","Console","1","17ÿ532 Š"
"lsass.exe","1940","Services","0","34ÿ156 Š"
"svchost.exe","1060","Services","0","37ÿ524 Š"
"WUDFHost.exe","1784","Services","0","7ÿ980 Š"
"fontdrvhost.exe","1552","Services","0","4ÿ148 Š"
"fontdrvhost.exe","2016","Console","1","7ÿ716 Š"
"svchost.exe","2136","Services","0","20ÿ820 Š"
"svchost.exe","2184","Services","0","11ÿ072 Š"
"svchost.exe","2308","Services","0","6ÿ760 Š"
"dwm.exe","2316","Console","1","171ÿ292 Š"
"svchost.exe","2432","Services","0","13ÿ860 Š"
"svchost.exe","2444","Services","0","15ÿ416 Š"
"svchost.exe","2508","Services","0","17ÿ404 Š"
"svchost.exe","2556","Services","0","7ÿ588 Š"
"svchost.exe","2620","Services","0","13ÿ608 Š"
"svchost.exe","2720","Services","0","26ÿ160 Š"
"svchost.exe","2748","Services","0","13ÿ736 Š"
"svchost.exe","2844","Services","0","13ÿ360 Š"
"svchost.exe","2904","Services","0","7ÿ928 Š"
"svchost.exe","3040","Services","0","12ÿ972 Š"
"svchost.exe","2360","Services","0","22ÿ968 Š"
"svchost.exe","2236","Services","0","7ÿ356 Š"
"svchost.exe","3080","Services","0","18ÿ500 Š"
"svchost.exe","3088","Services","0","10ÿ656 Š"
"Memory Compression","3228","Services","0","166ÿ776 Š"
"svchost.exe","3292","Services","0","13ÿ212 Š"
"svchost.exe","3384","Services","0","10ÿ888 Š"
"svchost.exe","3416","Services","0","13ÿ616 Š"
"svchost.exe","3424","Services","0","9ÿ392 Š"
"svchost.exe","3520","Services","0","28ÿ948 Š"
"svchost.exe","3592","Services","0","10ÿ384 Š"
"svchost.exe","3672","Services","0","23ÿ676 Š"
"SbieSvc.exe","3704","Services","0","8ÿ852 Š"
"svchost.exe","3948","Services","0","10ÿ812 Š"
"svchost.exe","4248","Services","0","15ÿ728 Š"
"svchost.exe","4256","Services","0","8ÿ948 Š"
"svchost.exe","4396","Services","0","21ÿ968 Š"
"svchost.exe","4448","Services","0","24ÿ356 Š"
"svchost.exe","4460","Services","0","30ÿ052 Š"
"svchost.exe","4524","Services","0","22ÿ720 Š"
"svchost.exe","4716","Services","0","18ÿ820 Š"
"svchost.exe","4776","Services","0","10ÿ292 Š"
"svchost.exe","4784","Services","0","9ÿ876 Š"
"svchost.exe","4612","Services","0","24ÿ140 Š"
"svchost.exe","5556","Services","0","9ÿ176 Š"
"svchost.exe","5572","Services","0","11ÿ808 Š"
"svchost.exe","5900","Services","0","11ÿ856 Š"
"svchost.exe","5944","Services","0","22ÿ696 Š"
"svchost.exe","6160","Services","0","17ÿ164 Š"
"spoolsv.exe","6256","Services","0","30ÿ968 Š"
"svchost.exe","6436","Services","0","10ÿ204 Š"
"svchost.exe","6576","Services","0","66ÿ452 Š"
"svchost.exe","6584","Services","0","46ÿ428 Š"
"DtsHPXV2Apo4Service.exe","6592","Services","0","12ÿ228 Š"
"GameInputRedistService.exe","6604","Services","0","13ÿ788 Š"
"svchost.exe","6616","Services","0","7ÿ316 Š"
"svchost.exe","6632","Services","0","11ÿ340 Š"
"jhi_service.exe","6640","Services","0","8ÿ248 Š"
"svchost.exe","6656","Services","0","11ÿ172 Š"
"svchost.exe","6648","Services","0","7ÿ004 Š"
"nvcontainer.exe","6680","Services","0","42ÿ604 Š"
"svchost.exe","6688","Services","0","27ÿ600 Š"
"XtuService.exe","6696","Services","0","217ÿ484 Š"
"svchost.exe","6712","Services","0","9ÿ916 Š"
"RtkAudUService64.exe","6724","Services","0","24ÿ612 Š"
"WMIRegistrationService.exe","6732","Services","0","14ÿ388 Š"
"MsMpEng.exe","6748","Services","0","15ÿ716 Š"
"tailscaled.exe","6764","Services","0","31ÿ704 Š"
"gamingservicesnet.exe","6800","Services","0","13ÿ232 Š"
"gamingservices.exe","6812","Services","0","44ÿ864 Š"
"MixedRealityLinkSvc.exe","6828","Services","0","29ÿ728 Š"
"svchost.exe","7532","Services","0","9ÿ392 Š"
"GameInputRedistService.exe","8724","Console","1","15ÿ272 Š"
"sihost.exe","9044","Console","1","50ÿ640 Š"
"AggregatorHost.exe","9064","Services","0","16ÿ844 Š"
"svchost.exe","9136","Console","1","35ÿ060 Š"
"svchost.exe","9376","Console","1","7ÿ028 Š"
"svchost.exe","9424","Console","1","35ÿ592 Š"
"taskhostw.exe","9504","Console","1","23ÿ576 Š"
"MSIAfterburner.exe","9516","Console","1","8ÿ724 Š"
"svchost.exe","9792","Services","0","23ÿ644 Š"
"tailscaled.exe","10096","Services","0","47ÿ040 Š"
"svchost.exe","9776","Services","0","24ÿ456 Š"
"explorer.exe","10280","Console","1","368ÿ884 Š"
"svchost.exe","10600","Services","0","22ÿ532 Š"
"CrossDeviceResume.exe","10696","Console","1","58ÿ460 Š"
"svchost.exe","10768","Services","0","5ÿ660 Š"
"WmiPrvSE.exe","11412","Services","0","20ÿ596 Š"
"svchost.exe","12208","Services","0","15ÿ752 Š"
"svchost.exe","12228","Services","0","48ÿ064 Š"
"svchost.exe","9344","Console","1","32ÿ084 Š"
"svchost.exe","12080","Services","0","12ÿ276 Š"
"svchost.exe","13132","Services","0","9ÿ396 Š"
"SearchHost.exe","13180","Console","1","140ÿ040 Š"
"StartMenuExperienceHost.exe","13192","Console","1","154ÿ072 Š"
"nvcontainer.exe","13000","Console","1","50ÿ452 Š"
"nvcontainer.exe","13372","Console","1","95ÿ756 Š"
"Widgets.exe","13456","Console","1","59ÿ924 Š"
"RuntimeBroker.exe","13956","Console","1","72ÿ180 Š"
"svchost.exe","14280","Console","1","26ÿ228 Š"
"msedgewebview2.exe","15236","Console","1","128ÿ308 Š"
"msedgewebview2.exe","14724","Console","1","12ÿ052 Š"
"msedgewebview2.exe","15856","Console","1","143ÿ204 Š"
"msedgewebview2.exe","15880","Console","1","42ÿ600 Š"
"msedgewebview2.exe","16060","Console","1","20ÿ512 Š"
"msedgewebview2.exe","16288","Console","1","150ÿ984 Š"
"SearchIndexer.exe","15896","Services","0","37ÿ508 Š"
"svchost.exe","16940","Services","0","36ÿ728 Š"
"svchost.exe","17200","Console","1","20ÿ324 Š"
"dllhost.exe","17924","Console","1","12ÿ992 Š"
"GameInputSvc.exe","16868","Services","0","7ÿ196 Š"
"GameInputSvc.exe","17400","Console","1","22ÿ316 Š"
"ctfmon.exe","19340","Console","1","34ÿ372 Š"
"Lightshot.exe","12964","Console","1","27ÿ388 Š"
"svchost.exe","19580","Services","0","10ÿ424 Š"
"TextInputHost.exe","19792","Console","1","193ÿ580 Š"
"WidgetService.exe","13448","Console","1","21ÿ224 Š"
"msedgewebview2.exe","11976","Console","1","37ÿ244 Š"
"msedgewebview2.exe","6480","Console","1","12ÿ440 Š"
"msedgewebview2.exe","19648","Console","1","38ÿ004 Š"
"msedgewebview2.exe","20096","Console","1","11ÿ516 Š"
"RuntimeBroker.exe","19244","Console","1","10ÿ528 Š"
"msedgewebview2.exe","2220","Console","1","2ÿ344 Š"
"msedgewebview2.exe","20696","Console","1","23ÿ456 Š"
"svchost.exe","11192","Services","0","16ÿ112 Š"
"svchost.exe","10444","Services","0","39ÿ900 Š"
"svchost.exe","15184","Services","0","16ÿ208 Š"
"svchost.exe","17960","Services","0","10ÿ640 Š"
"svchost.exe","10928","Services","0","35ÿ580 Š"
"svchost.exe","8584","Services","0","12ÿ688 Š"
"OpenCode.exe","14328","Console","1","190ÿ312 Š"
"OpenCode.exe","7952","Console","1","38ÿ616 Š"
"OpenCode.exe","2288","Console","1","61ÿ664 Š"
"OpenCode.exe","21588","Console","1","217ÿ768 Š"
"OpenCode.exe","21928","Console","1","385ÿ496 Š"
"bun.exe","22404","Console","1","14ÿ228 Š"
"conhost.exe","21892","Console","1","6ÿ552 Š"
"node.exe","22332","Console","1","40ÿ452 Š"
"conhost.exe","23240","Services","0","7ÿ252 Š"
"esrv.exe","22628","Console","1","69ÿ996 Š"
"SecurityHealthService.exe","1260","Services","0","23ÿ308 Š"
"OpenCode.exe","19168","Console","1","100ÿ744 Š"
"git.exe","23392","Console","1","25ÿ160 Š"
"svchost.exe","4352","Services","0","20ÿ092 Š"
"ShellExperienceHost.exe","12260","Console","1","113ÿ356 Š"
"RuntimeBroker.exe","11920","Console","1","30ÿ552 Š"
"RuntimeBroker.exe","15936","Console","1","13ÿ220 Š"
"svchost.exe","21304","Console","1","21ÿ340 Š"
"Manus.exe","24372","Console","1","178ÿ412 Š"
"Manus.exe","7132","Console","1","60ÿ044 Š"
"Manus.exe","14920","Console","1","692ÿ424 Š"
"manus-computer-operator.exe","12576","Console","1","27ÿ748 Š"
"conhost.exe","24368","Console","1","7ÿ012 Š"
"Manus.exe","512","Console","1","97ÿ172 Š"
"svchost.exe","2804","Services","0","15ÿ972 Š"
"DataExchangeHost.exe","21332","Console","1","43ÿ168 Š"
"svchost.exe","8596","Services","0","8ÿ256 Š"
"UserOOBEBroker.exe","25024","Console","1","11ÿ736 Š"
"svchost.exe","10228","Services","0","9ÿ932 Š"
"svchost.exe","9624","Console","1","14ÿ868 Š"
"svchost.exe","27160","Services","0","17ÿ668 Š"
"svchost.exe","27444","Services","0","10ÿ336 Š"
"msedgewebview2.exe","20960","Console","1","22ÿ160 Š"
"XtuUiLauncher.exe","3192","Console","1","48ÿ004 Š"
"PerfTune.exe","21324","Console","1","432ÿ920 Š"
"svchost.exe","27240","Services","0","9ÿ332 Š"
"svchost.exe","25100","Services","0","42ÿ944 Š"
"LockApp.exe","16656","Console","1","101ÿ804 Š"
"RuntimeBroker.exe","13264","Console","1","43ÿ180 Š"
"chrome.exe","25172","Console","1","386ÿ680 Š"
"chrome.exe","18636","Console","1","10ÿ352 Š"
"chrome.exe","15160","Console","1","65ÿ568 Š"
"chrome.exe","30028","Console","1","25ÿ916 Š"
"chrome.exe","30668","Console","1","107ÿ620 Š"
"chrome.exe","24828","Console","1","68ÿ784 Š"
"chrome.exe","4812","Console","1","62ÿ576 Š"
"chrome.exe","18552","Console","1","80ÿ688 Š"
"NVDisplay.Container.exe","420","Services","0","49ÿ044 Š"
"chrome.exe","12752","Console","1","407ÿ276 Š"
"Manus.exe","18540","Console","1","268ÿ264 Š"
"OpenCode.exe","10916","Console","1","198ÿ592 Š"
"NVDisplay.Container.exe","27104","Console","1","184ÿ680 Š"
"nvcontainer.exe","17224","Console","1","37ÿ104 Š"
"nvsphelper64.exe","5856","Console","1","18ÿ220 Š"
"NVIDIA Overlay.exe","5876","Console","1","214ÿ544 Š"
"NVIDIA Overlay.exe","21856","Console","1","89ÿ280 Š"
"NVIDIA Overlay.exe","21972","Console","1","38ÿ588 Š"
"NVIDIA Overlay.exe","22028","Console","1","25ÿ144 Š"
"NVIDIA Overlay.exe","16640","Console","1","95ÿ128 Š"
"chrome.exe","25452","Console","1","25ÿ536 Š"
"chrome.exe","22220","Console","1","168ÿ732 Š"
"chrome.exe","28796","Console","1","56ÿ664 Š"
"chrome.exe","18288","Console","1","1ÿ051ÿ640 Š"
"audiodg.exe","9172","Services","0","20ÿ508 Š"
"ShellHost.exe","10640","Console","1","63ÿ196 Š"
"svchost.exe","9072","Services","0","10ÿ076 Š"
"sidecar.exe","25660","Console","1","32ÿ724 Š"
"conhost.exe","8212","Console","1","8ÿ456 Š"
"pwsh.exe","24024","Console","1","91ÿ516 Š"
"cmd.exe","26904","Console","1","7ÿ684 Š"
"node.exe","14052","Console","1","52ÿ460 Š"
"cmd.exe","27920","Console","1","7ÿ712 Š"
"node.exe","20676","Console","1","79ÿ096 Š"
"cmd.exe","21408","Console","1","7ÿ684 Š"
"node.exe","552","Console","1","52ÿ192 Š"
"cmd.exe","17148","Console","1","7ÿ592 Š"
"node.exe","27132","Console","1","197ÿ040 Š"
"rustup.exe","19800","Console","1","11ÿ276 Š"
"cargo.exe","19916","Console","1","27ÿ204 Š"
"localcomet-desktop.exe","4520","Console","1","39ÿ264 Š"
"msedgewebview2.exe","14684","Console","1","134ÿ652 Š"
"msedgewebview2.exe","12612","Console","1","12ÿ868 Š"
"msedgewebview2.exe","18632","Console","1","108ÿ212 Š"
"msedgewebview2.exe","3752","Console","1","43ÿ644 Š"
"msedgewebview2.exe","24648","Console","1","21ÿ208 Š"
"msedgewebview2.exe","26776","Console","1","140ÿ648 Š"
"conhost.exe","6916","Console","1","8ÿ424 Š"
"pwsh.exe","18848","Console","1","92ÿ056 Š"
"conhost.exe","25312","Console","1","8ÿ516 Š"
"pwsh.exe","2584","Console","1","92ÿ600 Š"
"conhost.exe","30240","Console","1","8ÿ472 Š"
"pwsh.exe","25828","Console","1","91ÿ956 Š"
"conhost.exe","23760","Console","1","8ÿ524 Š"
"pwsh.exe","6624","Console","1","92ÿ516 Š"
"conhost.exe","30352","Console","1","8ÿ500 Š"
"pwsh.exe","8548","Console","1","92ÿ820 Š"
"conhost.exe","2612","Console","1","8ÿ500 Š"
"pwsh.exe","6708","Console","1","91ÿ240 Š"
"conhost.exe","4504","Console","1","8ÿ540 Š"
"pwsh.exe","30540","Console","1","92ÿ528 Š"
"conhost.exe","15332","Console","1","8ÿ328 Š"
"pwsh.exe","26572","Console","1","91ÿ636 Š"
"conhost.exe","28136","Console","1","8ÿ344 Š"
"pwsh.exe","16952","Console","1","92ÿ480 Š"
"conhost.exe","2652","Console","1","8ÿ304 Š"
"pwsh.exe","5404","Console","1","90ÿ920 Š"
"conhost.exe","29648","Console","1","8ÿ332 Š"
"pwsh.exe","6088","Console","1","92ÿ276 Š"
"conhost.exe","1524","Console","1","8ÿ316 Š"
"pwsh.exe","29584","Console","1","92ÿ312 Š"
"conhost.exe","9156","Console","1","8ÿ328 Š"
"pwsh.exe","24628","Console","1","91ÿ948 Š"
"svchost.exe","12488","Services","0","16ÿ060 Š"
"WmiPrvSE.exe","11704","Services","0","17ÿ112 Š"
"conhost.exe","8436","Console","1","8ÿ288 Š"
"pwsh.exe","26560","Console","1","87ÿ088 Š"
"python.exe","7052","Console","1","26ÿ464 Š"
"conhost.exe","17100","Console","1","7ÿ316 Š"
"conhost.exe","12196","Console","1","8ÿ288 Š"
"pwsh.exe","4268","Console","1","92ÿ136 Š"
"conhost.exe","19816","Console","1","8ÿ304 Š"
"pwsh.exe","13436","Console","1","91ÿ472 Š"
"conhost.exe","25664","Console","1","8ÿ364 Š"
"pwsh.exe","15520","Console","1","92ÿ708 Š"
"chrome.exe","15036","Console","1","194ÿ032 Š"
"chrome.exe","29468","Console","1","43ÿ784 Š"
"chrome.exe","26716","Console","1","59ÿ888 Š"
"chrome.exe","26020","Console","1","62ÿ808 Š"
"chrome.exe","9244","Console","1","447ÿ532 Š"
"chrome.exe","30404","Console","1","32ÿ548 Š"
"conhost.exe","26476","Console","1","8ÿ336 Š"
"pwsh.exe","5784","Console","1","97ÿ800 Š"
"svchost.exe","28684","Services","0","10ÿ888 Š"
"svchost.exe","11896","Services","0","9ÿ240 Š"
"conhost.exe","23588","Console","1","8ÿ364 Š"
"pwsh.exe","23280","Console","1","91ÿ976 Š"
"cmd.exe","9352","Console","1","6ÿ580 Š"
"tasklist.exe","15260","Console","1","11ÿ132 Š"
